X,Y,Z,Log_X,Sqrt_Y
37,13,47,3.6109179126442243,3.605551275463989
34,15,7,3.5263605246161616,3.872983346207417
45,46,47,3.8066624897703196,6.782329983125268
46,13,46,3.828641396489095,3.605551275463989
5,44,39,1.6094379124341003,6.6332495807108
